"cohort_label","outcome_label","model_label","term","hazard_ratio","conf_low","conf_high","p_value"
"Overall matched cohort","Outcome 1","Model 1: exposure only","exposure_groupExposure_B",0.942862677145619,0.87326314190762,1.01800933222972,0.132643670166083
"Overall matched cohort","Outcome 1","Model 2: exposure + demographics","exposure_groupExposure_B",0.911738633632766,0.844362860966848,0.984490643165772,0.0183232488035598
"Overall matched cohort","Outcome 1","Model 2: exposure + demographics","demo_age",1.03490616943731,1.03102074456754,1.0388062366181,1.74295086331039e-71
"Overall matched cohort","Outcome 1","Model 2: exposure + demographics","demo_sex1",1.2768054807463,1.182232052455,1.37894437245081,4.86296647913135e-10
"Overall matched cohort","Outcome 1","Model 2: exposure + demographics","demo_raceGroup_B",0.976951174610619,0.902972668776655,1.05699057189198,0.561641668760684
"Overall matched cohort","Outcome 1","Model 2: exposure + demographics","demo_raceMissing",0.959280583852999,0.799083920657139,1.15159273609284,0.655649021883604
"Overall matched cohort","Outcome 1","Model 3: model 2 + binary clinical","exposure_groupExposure_B",0.898979048857481,0.832469949185574,0.970801806209759,0.00661574796825591
"Overall matched cohort","Outcome 1","Model 3: model 2 + binary clinical","demo_age",1.03239097276236,1.02846970613009,1.03632719008488,1.41903554647453e-60
"Overall matched cohort","Outcome 1","Model 3: model 2 + binary clinical","demo_sex1",1.28548792336337,1.19024546177015,1.38835160829387,1.61331036114311e-10
"Overall matched cohort","Outcome 1","Model 3: model 2 + binary clinical","demo_raceGroup_B",0.978856813078837,0.904729741526813,1.05905732566487,0.594816388740896
"Overall matched cohort","Outcome 1","Model 3: model 2 + binary clinical","demo_raceMissing",0.954275612934067,0.794894998372374,1.14561287629853,0.615686916661808
"Overall matched cohort","Outcome 1","Model 3: model 2 + binary clinical","clinical_binary_11",1.19715316460463,1.05546520743526,1.35786162293824,0.00511188052188907
"Overall matched cohort","Outcome 1","Model 3: model 2 + binary clinical","clinical_binary_21",1.3515217887877,1.24344780762377,1.46898899525068,1.40062705805991e-12
"Overall matched cohort","Outcome 1","Model 3: model 2 + binary clinical","clinical_binary_31",1.08040903777193,0.98659907353908,1.18313884556171,0.0951485685338464
"Overall matched cohort","Outcome 1","Model 3: model 2 + binary clinical","clinical_binary_41",1.14967100141695,1.04652634721353,1.26298149589671,0.00363533229179085
"Overall matched cohort","Outcome 1","Model 3: model 2 + binary clinical","clinical_binary_51",1.05589966961202,0.97056589793893,1.14873612874139,0.205836520089955
"Overall matched cohort","Outcome 1","Model 3: model 2 + binary clinical","clinical_binary_61",1.28253691779175,1.1555847655677,1.42343599060055,2.88160203493599e-06
"Overall matched cohort","Outcome 1","Model 4: model 3 + continuous clinical","exposure_groupExposure_B",0.899934428014359,0.833303317667425,0.971893376102889,0.00722365466306098
"Overall matched cohort","Outcome 1","Model 4: model 3 + continuous clinical","demo_age",1.03267858143908,1.02866746676853,1.03670533677236,5.52200259693871e-59
"Overall matched cohort","Outcome 1","Model 4: model 3 + continuous clinical","demo_sex1",1.284480768312,1.18927127903643,1.3873124435496,1.87308789412577e-10
"Overall matched cohort","Outcome 1","Model 4: model 3 + continuous clinical","demo_raceGroup_B",0.978660804018007,0.904546662897948,1.05884749632781,0.591378580876699
"Overall matched cohort","Outcome 1","Model 4: model 3 + continuous clinical","demo_raceMissing",0.954587169467292,0.795152323998742,1.14599006581413,0.618157159460342
"Overall matched cohort","Outcome 1","Model 4: model 3 + continuous clinical","clinical_binary_11",1.20614516075322,1.06139680054014,1.37063362925917,0.0040598956690031
"Overall matched cohort","Outcome 1","Model 4: model 3 + continuous clinical","clinical_binary_21",1.35550997372791,1.24656677229239,1.47397422241323,1.11426700582917e-12
"Overall matched cohort","Outcome 1","Model 4: model 3 + continuous clinical","clinical_binary_31",1.08065832225779,0.986825124715698,1.1834137378712,0.0941716510156132
"Overall matched cohort","Outcome 1","Model 4: model 3 + continuous clinical","clinical_binary_41",1.14981378074836,1.04665538893625,1.26313946727252,0.00360566006620728
"Overall matched cohort","Outcome 1","Model 4: model 3 + continuous clinical","clinical_binary_51",1.05587363275856,0.97054135251576,1.14870852794153,0.206045559726624
"Overall matched cohort","Outcome 1","Model 4: model 3 + continuous clinical","clinical_binary_61",1.28234121723089,1.15540690948798,1.42322067135458,2.92304144231816e-06
"Overall matched cohort","Outcome 1","Model 4: model 3 + continuous clinical","clinical_continuous_1",1.00095875694913,0.998161030020631,1.00376432557425,0.502191785791367
"Overall matched cohort","Outcome 2","Model 1: exposure only","exposure_groupExposure_B",1.02626560533776,0.947008694202233,1.11215567412136,0.527231867577477
"Overall matched cohort","Outcome 2","Model 2: exposure + demographics","exposure_groupExposure_B",0.992511452229119,0.9157673455757,1.07568694992797,0.854745667088723
"Overall matched cohort","Outcome 2","Model 2: exposure + demographics","demo_age",1.03837706621206,1.03427623108874,1.04249416086858,1.20179803140523e-77
"Overall matched cohort","Outcome 2","Model 2: exposure + demographics","demo_sex1",1.0154172993047,0.936866234397385,1.1005544376252,0.709565368121965
"Overall matched cohort","Outcome 2","Model 2: exposure + demographics","demo_raceGroup_B",0.950774135375161,0.875113514446899,1.03297622716948,0.232824610840926
"Overall matched cohort","Outcome 2","Model 2: exposure + demographics","demo_raceMissing",1.08265881820692,0.903522056845632,1.29731212177973,0.389460222508574
"Overall matched cohort","Outcome 2","Model 3: model 2 + binary clinical","exposure_groupExposure_B",0.968525753170658,0.893550670568777,1.04979176386012,0.43660551014087
"Overall matched cohort","Outcome 2","Model 3: model 2 + binary clinical","demo_age",1.03538525532553,1.03125274437953,1.03953432636974,4.0164477199752e-65
"Overall matched cohort","Outcome 2","Model 3: model 2 + binary clinical","demo_sex1",1.02943189093296,0.949778363585174,1.11576559195305,0.480218658427932
"Overall matched cohort","Outcome 2","Model 3: model 2 + binary clinical","demo_raceGroup_B",0.952158655865702,0.876385412608763,1.03448333677903,0.246586005427654
"Overall matched cohort","Outcome 2","Model 3: model 2 + binary clinical","demo_raceMissing",1.08533528532394,0.905745528903379,1.3005338077632,0.374919192729003
"Overall matched cohort","Outcome 2","Model 3: model 2 + binary clinical","clinical_binary_11",2.1592817029796,1.9406638448163,2.40252709673365,2.3471119106851e-45
"Overall matched cohort","Outcome 2","Model 3: model 2 + binary clinical","clinical_binary_21",1.32454721591475,1.21370948905354,1.44550680620914,2.90356971735204e-10
"Overall matched cohort","Outcome 2","Model 3: model 2 + binary clinical","clinical_binary_31",1.24288988993747,1.13358109399272,1.36273909885683,3.66686561696156e-06
"Overall matched cohort","Outcome 2","Model 3: model 2 + binary clinical","clinical_binary_41",0.978996955489453,0.88380324156359,1.08444390536743,0.684223608254499
"Overall matched cohort","Outcome 2","Model 3: model 2 + binary clinical","clinical_binary_51",0.996944724803844,0.911702313606751,1.09015713734704,0.946503189013287
"Overall matched cohort","Outcome 2","Model 3: model 2 + binary clinical","clinical_binary_61",0.97779797789943,0.8668052743912,1.10300307788935,0.714943447742069
"Overall matched cohort","Outcome 2","Model 4: model 3 + continuous clinical","exposure_groupExposure_B",0.933712619355111,0.861367662429133,1.01213371893295,0.0955434598414183
"Overall matched cohort","Outcome 2","Model 4: model 3 + continuous clinical","demo_age",1.02459143680042,1.02041492811907,1.02878503972871,2.10704711982226e-31
"Overall matched cohort","Outcome 2","Model 4: model 3 + continuous clinical","demo_sex1",1.05781941887746,0.975969422362465,1.14653379226328,0.171316670591379
"Overall matched cohort","Outcome 2","Model 4: model 3 + continuous clinical","demo_raceGroup_B",0.951053380038037,0.875363067868495,1.03328843183233,0.235602028934271
"Overall matched cohort","Outcome 2","Model 4: model 3 + continuous clinical","demo_raceMissing",1.06488241877573,0.888663427035628,1.2760450484615,0.495807527697428
"Overall matched cohort","Outcome 2","Model 4: model 3 + continuous clinical","clinical_binary_11",1.66367936382878,1.49178951354977,1.85537503816043,5.77687371563967e-20
"Overall matched cohort","Outcome 2","Model 4: model 3 + continuous clinical","clinical_binary_21",1.17262669312873,1.07376143310037,1.28059485007551,0.000394665561908044
"Overall matched cohort","Outcome 2","Model 4: model 3 + continuous clinical","clinical_binary_31",1.24952985376126,1.13967574778622,1.3699728703304,2.08907950642498e-06
"Overall matched cohort","Outcome 2","Model 4: model 3 + continuous clinical","clinical_binary_41",0.979580556428838,0.884332226366341,1.0850877508742,0.69262340551615
"Overall matched cohort","Outcome 2","Model 4: model 3 + continuous clinical","clinical_binary_51",1.00906648514323,0.922784400218367,1.10341610802954,0.843118370611667
"Overall matched cohort","Outcome 2","Model 4: model 3 + continuous clinical","clinical_binary_61",0.969153242352826,0.859131653733513,1.09326434788112,0.61031108516287
"Overall matched cohort","Outcome 2","Model 4: model 3 + continuous clinical","clinical_continuous_1",0.965500668038169,0.962666612547459,0.968343066885155,3.53405184478318e-121
"Age 65+ matched cohort","Outcome 1","Model 1: exposure only","exposure_groupExposure_B",0.953280140115145,0.872205141351594,1.04189138822289,0.291401925496266
"Age 65+ matched cohort","Outcome 1","Model 2: exposure + demographics","exposure_groupExposure_B",0.932832711626147,0.85343185230033,1.01962079987327,0.125555442669588
"Age 65+ matched cohort","Outcome 1","Model 2: exposure + demographics","demo_age",1.03977503524057,1.0333940508569,1.0461954208204,2.06823528694423e-35
"Age 65+ matched cohort","Outcome 1","Model 2: exposure + demographics","demo_sex1",1.23976864417613,1.134174944714,1.35519330438913,2.22251734540146e-06
"Age 65+ matched cohort","Outcome 1","Model 2: exposure + demographics","demo_raceGroup_B",0.993109103654213,0.90638171220612,1.08813503017434,0.882097346418183
"Age 65+ matched cohort","Outcome 1","Model 2: exposure + demographics","demo_raceMissing",1.00592905887413,0.817298266398045,1.23809545803512,0.955505557211434
"Age 65+ matched cohort","Outcome 1","Model 3: model 2 + binary clinical","exposure_groupExposure_B",0.917400468619105,0.839205872034199,1.00288099484158,0.0578711953928368
"Age 65+ matched cohort","Outcome 1","Model 3: model 2 + binary clinical","demo_age",1.03689461296028,1.03048499205985,1.04334410172913,2.30121503522378e-30
"Age 65+ matched cohort","Outcome 1","Model 3: model 2 + binary clinical","demo_sex1",1.24772920914758,1.14143607780949,1.36392059934511,1.10499124028181e-06
"Age 65+ matched cohort","Outcome 1","Model 3: model 2 + binary clinical","demo_raceGroup_B",0.995962608955127,0.908978962198063,1.09127005100099,0.930859187976468
"Age 65+ matched cohort","Outcome 1","Model 3: model 2 + binary clinical","demo_raceMissing",1.00147752085405,0.813648010857789,1.23266721160987,0.988884154012627
"Age 65+ matched cohort","Outcome 1","Model 3: model 2 + binary clinical","clinical_binary_11",1.21837850032985,1.0583994050517,1.40253874197285,0.00595497156043402
"Age 65+ matched cohort","Outcome 1","Model 3: model 2 + binary clinical","clinical_binary_21",1.35851563269301,1.23494043224541,1.49445647424113,3.03991555052914e-10
"Age 65+ matched cohort","Outcome 1","Model 3: model 2 + binary clinical","clinical_binary_31",1.09542200074551,0.988887690168783,1.21343340770325,0.0808280908757422
"Age 65+ matched cohort","Outcome 1","Model 3: model 2 + binary clinical","clinical_binary_41",1.13547584344835,1.02134918613929,1.26235513627649,0.0187316664160273
"Age 65+ matched cohort","Outcome 1","Model 3: model 2 + binary clinical","clinical_binary_51",1.02457771205371,0.929558975586,1.12930918382606,0.624865107129622
"Age 65+ matched cohort","Outcome 1","Model 3: model 2 + binary clinical","clinical_binary_61",1.29845871507881,1.15366816536245,1.46142113077587,1.49352906183759e-05
"Age 65+ matched cohort","Outcome 1","Model 4: model 3 + continuous clinical","exposure_groupExposure_B",0.917150956178206,0.838910090799443,1.00268894800992,0.0573099979246831
"Age 65+ matched cohort","Outcome 1","Model 4: model 3 + continuous clinical","demo_age",1.03682142830685,1.03033268280923,1.04335103809892,1.48793833666862e-29
"Age 65+ matched cohort","Outcome 1","Model 4: model 3 + continuous clinical","demo_sex1",1.24792948210556,1.1415876022772,1.36417738700189,1.09378198603274e-06
"Age 65+ matched cohort","Outcome 1","Model 4: model 3 + continuous clinical","demo_raceGroup_B",0.995998733625059,0.909010655375459,1.09131116507427,0.93147858635174
"Age 65+ matched cohort","Outcome 1","Model 4: model 3 + continuous clinical","demo_raceMissing",1.00137802689834,0.813563509998698,1.23255030545363,0.989632344012058
"Age 65+ matched cohort","Outcome 1","Model 4: model 3 + continuous clinical","clinical_binary_11",1.21613285228308,1.05399849828739,1.40320799014924,0.00735450973000973
"Age 65+ matched cohort","Outcome 1","Model 4: model 3 + continuous clinical","clinical_binary_21",1.35751840343294,1.23336003251788,1.49417539653605,4.21461422513652e-10
"Age 65+ matched cohort","Outcome 1","Model 4: model 3 + continuous clinical","clinical_binary_31",1.09535402144726,0.988822441249768,1.2133628670323,0.0810465749562924
"Age 65+ matched cohort","Outcome 1","Model 4: model 3 + continuous clinical","clinical_binary_41",1.13544633176623,1.02132205724354,1.26232304803143,0.0187565269665648
"Age 65+ matched cohort","Outcome 1","Model 4: model 3 + continuous clinical","clinical_binary_51",1.02460111064967,0.929579866190912,1.12933538486184,0.624540838571507
"Age 65+ matched cohort","Outcome 1","Model 4: model 3 + continuous clinical","clinical_binary_61",1.29850247977628,1.15370609981103,1.46147159164827,1.48994849667077e-05
"Age 65+ matched cohort","Outcome 1","Model 4: model 3 + continuous clinical","clinical_continuous_1",0.999768102202375,0.99654721803809,1.00299939640505,0.887972585329534
"Age 65+ matched cohort","Outcome 2","Model 1: exposure only","exposure_groupExposure_B",1.01802023555364,0.928667973422579,1.11596957110214,0.703167321957997
"Age 65+ matched cohort","Outcome 2","Model 2: exposure + demographics","exposure_groupExposure_B",0.999312231031656,0.911520201108599,1.0955598503192,0.988299721244189
"Age 65+ matched cohort","Outcome 2","Model 2: exposure + demographics","demo_age",1.03941266871839,1.03281700392898,1.04605045403241,1.15894174104572e-32
"Age 65+ matched cohort","Outcome 2","Model 2: exposure + demographics","demo_sex1",1.00772735283735,0.919114689726053,1.10488324145842,0.869797636951494
"Age 65+ matched cohort","Outcome 2","Model 2: exposure + demographics","demo_raceGroup_B",0.951778226944392,0.865726935721308,1.04638282108047,0.306678735532931
"Age 65+ matched cohort","Outcome 2","Model 2: exposure + demographics","demo_raceMissing",1.09588106427594,0.89243212320129,1.34571053172152,0.382213728993013
"Age 65+ matched cohort","Outcome 2","Model 3: model 2 + binary clinical","exposure_groupExposure_B",0.974186649941925,0.888503446249373,1.06813274943529,0.577692041905515
"Age 65+ matched cohort","Outcome 2","Model 3: model 2 + binary clinical","demo_age",1.03606533304185,1.02944700239859,1.04272621303482,2.32373684547828e-27
"Age 65+ matched cohort","Outcome 2","Model 3: model 2 + binary clinical","demo_sex1",1.0181527380587,0.92861337702525,1.11632572140756,0.701692035277178
"Age 65+ matched cohort","Outcome 2","Model 3: model 2 + binary clinical","demo_raceGroup_B",0.952242436264825,0.866140598818406,1.04690353813294,0.31152612374569
"Age 65+ matched cohort","Outcome 2","Model 3: model 2 + binary clinical","demo_raceMissing",1.09378165852327,0.890707487069002,1.34315511421005,0.392300049651971
"Age 65+ matched cohort","Outcome 2","Model 3: model 2 + binary clinical","clinical_binary_11",2.15298981313854,1.91040382778499,2.42637973608584,2.97197720743174e-36
"Age 65+ matched cohort","Outcome 2","Model 3: model 2 + binary clinical","clinical_binary_21",1.29653176248299,1.17415139095106,1.43166769130651,2.84149312188844e-07
"Age 65+ matched cohort","Outcome 2","Model 3: model 2 + binary clinical","clinical_binary_31",1.22692570840621,1.10660634322462,1.3603271869575,0.000102941945615725
"Age 65+ matched cohort","Outcome 2","Model 3: model 2 + binary clinical","clinical_binary_41",0.968965792440786,0.864967580407302,1.0854680894263,0.586287028812925
"Age 65+ matched cohort","Outcome 2","Model 3: model 2 + binary clinical","clinical_binary_51",0.972802640554637,0.878780866597786,1.07688391206543,0.594939547522651
"Age 65+ matched cohort","Outcome 2","Model 3: model 2 + binary clinical","clinical_binary_61",0.981100874421073,0.857499436938579,1.12251843479489,0.781228526022261
"Age 65+ matched cohort","Outcome 2","Model 4: model 3 + continuous clinical","exposure_groupExposure_B",0.938558834033205,0.855954522040508,1.02913491576844,0.177337925312029
"Age 65+ matched cohort","Outcome 2","Model 4: model 3 + continuous clinical","demo_age",1.02448246293278,1.01786700437416,1.03114091757218,2.52119833836344e-13
"Age 65+ matched cohort","Outcome 2","Model 4: model 3 + continuous clinical","demo_sex1",1.04541151526676,0.953471208256533,1.14621734436087,0.344383625976825
"Age 65+ matched cohort","Outcome 2","Model 4: model 3 + continuous clinical","demo_raceGroup_B",0.950970474671428,0.864974212029111,1.04551653808884,0.298549880349923
"Age 65+ matched cohort","Outcome 2","Model 4: model 3 + continuous clinical","demo_raceMissing",1.07763410387717,0.877536829603978,1.32335786107487,0.475576849553798
"Age 65+ matched cohort","Outcome 2","Model 4: model 3 + continuous clinical","clinical_binary_11",1.64068705595398,1.45194058117716,1.85396981837405,2.01810612544029e-15
"Age 65+ matched cohort","Outcome 2","Model 4: model 3 + continuous clinical","clinical_binary_21",1.13870320796537,1.03037113283297,1.25842519701182,0.0108797740261427
"Age 65+ matched cohort","Outcome 2","Model 4: model 3 + continuous clinical","clinical_binary_31",1.23763655643785,1.11630562688679,1.37215490895908,5.1224289505213e-05
"Age 65+ matched cohort","Outcome 2","Model 4: model 3 + continuous clinical","clinical_binary_41",0.964958012363559,0.861424618413577,1.08093493698781,0.537899809031698
"Age 65+ matched cohort","Outcome 2","Model 4: model 3 + continuous clinical","clinical_binary_51",0.987582971525576,0.89211622244089,1.09326576640289,0.809644771344018
"Age 65+ matched cohort","Outcome 2","Model 4: model 3 + continuous clinical","clinical_binary_61",0.973126814529627,0.850514150991177,1.1134156863269,0.69177377052414
"Age 65+ matched cohort","Outcome 2","Model 4: model 3 + continuous clinical","clinical_continuous_1",0.964638848273537,0.961414057539812,0.967874455653009,1.43851322097421e-98
